country,count,median,mean
United States,1833,121000.0,133543.0987452264
Australia,70,106500.0,102835.71428571429
Canada,211,99500.0,103857.81990521327
United Kingdom,1184,82250.0,91702.7027027027
Germany,61,56500.0,88598.3606557377
