experience_level,count,median,mean
Junior,137,125000.0,130656.93430656934
Senior,675,122500.0,133235.55555555556
Lead,377,111000.0,125194.9602122016
Management,94,106000.0,113925.53191489361
Mid-level,2076,97250.0,107001.9267822736
